,trial,dataset,epsilon,scale,domain,GreedyH,Opt
0,0,SEARCHLOGS,0.01,100000,256,721.471833232,569.402260495
1,1,SEARCHLOGS,0.01,100000,256,378.655208342,467.055169047
2,2,SEARCHLOGS,0.01,100000,256,545.966495512,478.721929718
3,3,SEARCHLOGS,0.01,100000,256,480.903300716,412.903757473
4,4,SEARCHLOGS,0.01,100000,256,586.783800592,781.454575745
5,5,SEARCHLOGS,0.01,100000,256,772.461348936,661.921847525
6,6,SEARCHLOGS,0.01,100000,256,336.062798899,415.824888104
7,7,SEARCHLOGS,0.01,100000,256,579.998233246,745.656134824
8,8,SEARCHLOGS,0.01,100000,256,860.438930522,820.246696486
9,9,SEARCHLOGS,0.01,100000,256,570.547521789,735.946040913
10,10,SEARCHLOGS,0.01,100000,256,280.031298265,461.491460272
11,11,SEARCHLOGS,0.01,100000,256,548.214132678,1250.54451872
12,12,SEARCHLOGS,0.01,100000,256,941.869410895,806.06836204
13,13,SEARCHLOGS,0.01,100000,256,580.432682993,567.062245798
14,14,SEARCHLOGS,0.01,100000,256,723.69156716,761.877874351
15,15,SEARCHLOGS,0.01,100000,256,340.313960354,489.016448487
16,16,SEARCHLOGS,0.01,100000,256,586.81790584,523.206041579
17,17,SEARCHLOGS,0.01,100000,256,1439.36426061,1254.72729843
18,18,SEARCHLOGS,0.01,100000,256,539.940976566,518.936250674
19,19,SEARCHLOGS,0.01,100000,256,295.454581244,304.372200424
20,20,SEARCHLOGS,0.01,100000,256,389.73648491,394.94121208
21,21,SEARCHLOGS,0.01,100000,256,501.044456571,327.790838326
22,22,SEARCHLOGS,0.01,100000,256,518.660970025,463.383315152
23,23,SEARCHLOGS,0.01,100000,256,661.876839875,717.663660458
24,24,SEARCHLOGS,0.01,100000,256,523.924624694,489.428574045
25,0,SEARCHLOGS,0.01,100000,1024,656.994103618,455.778930041
26,1,SEARCHLOGS,0.01,100000,1024,522.434662372,483.726482127
27,2,SEARCHLOGS,0.01,100000,1024,672.23508106,601.096735876
28,3,SEARCHLOGS,0.01,100000,1024,383.190004896,644.672873403
29,4,SEARCHLOGS,0.01,100000,1024,624.047281748,556.718534777
30,5,SEARCHLOGS,0.01,100000,1024,522.833199126,393.72672362
31,6,SEARCHLOGS,0.01,100000,1024,558.052156281,694.865648986
32,7,SEARCHLOGS,0.01,100000,1024,524.099517618,392.228034836
33,8,SEARCHLOGS,0.01,100000,1024,1102.10577611,1125.02197275
34,9,SEARCHLOGS,0.01,100000,1024,965.537252112,870.555073998
35,10,SEARCHLOGS,0.01,100000,1024,539.288976934,527.167705006
36,11,SEARCHLOGS,0.01,100000,1024,510.713422112,534.074723987
37,12,SEARCHLOGS,0.01,100000,1024,1265.22798665,820.572919501
38,13,SEARCHLOGS,0.01,100000,1024,708.365342658,584.802959791
39,14,SEARCHLOGS,0.01,100000,1024,815.378067837,989.722964031
40,15,SEARCHLOGS,0.01,100000,1024,324.19654868,298.108656079
41,16,SEARCHLOGS,0.01,100000,1024,872.272819857,835.958685123
42,17,SEARCHLOGS,0.01,100000,1024,1134.50849264,1097.38014894
43,18,SEARCHLOGS,0.01,100000,1024,460.126908546,499.011672769
44,19,SEARCHLOGS,0.01,100000,1024,900.778796635,871.992604124
45,20,SEARCHLOGS,0.01,100000,1024,506.316305104,363.013058793
46,21,SEARCHLOGS,0.01,100000,1024,340.645703198,696.487742273
47,22,SEARCHLOGS,0.01,100000,1024,421.540244353,424.715404335
48,23,SEARCHLOGS,0.01,100000,1024,868.267639141,634.768505355
49,24,SEARCHLOGS,0.01,100000,1024,682.167930714,716.214259598
50,0,SEARCHLOGS,0.01,100000,4096,645.814927117,437.796493962
51,1,SEARCHLOGS,0.01,100000,4096,562.523665004,462.386572298
52,2,SEARCHLOGS,0.01,100000,4096,678.175411277,497.237614462
53,3,SEARCHLOGS,0.01,100000,4096,413.711671641,451.15133041
54,4,SEARCHLOGS,0.01,100000,4096,701.512786815,553.380979473
55,5,SEARCHLOGS,0.01,100000,4096,582.038934257,615.273265675
56,6,SEARCHLOGS,0.01,100000,4096,450.850945215,425.939679545
57,7,SEARCHLOGS,0.01,100000,4096,536.814585161,590.292689935
58,8,SEARCHLOGS,0.01,100000,4096,665.653284412,377.184345065
59,9,SEARCHLOGS,0.01,100000,4096,759.64709702,653.844806417
60,10,SEARCHLOGS,0.01,100000,4096,652.315245509,411.358353237
61,11,SEARCHLOGS,0.01,100000,4096,496.621059785,495.668740199
62,12,SEARCHLOGS,0.01,100000,4096,834.480054821,681.136797175
63,13,SEARCHLOGS,0.01,100000,4096,550.418313266,548.697794553
64,14,SEARCHLOGS,0.01,100000,4096,904.616674339,937.91310709
65,15,SEARCHLOGS,0.01,100000,4096,424.869466433,504.934393457
66,16,SEARCHLOGS,0.01,100000,4096,883.562020757,927.445719173
67,17,SEARCHLOGS,0.01,100000,4096,877.048590009,801.720814541
68,18,SEARCHLOGS,0.01,100000,4096,475.028488843,487.966254828
69,19,SEARCHLOGS,0.01,100000,4096,616.99963918,693.451688073
70,20,SEARCHLOGS,0.01,100000,4096,547.274108465,421.072111791
71,21,SEARCHLOGS,0.01,100000,4096,763.403528606,542.291633075
72,22,SEARCHLOGS,0.01,100000,4096,511.986868024,412.373122637
73,23,SEARCHLOGS,0.01,100000,4096,669.377124542,819.735464259
74,24,SEARCHLOGS,0.01,100000,4096,486.583092276,575.580992241
75,0,SEARCHLOGS,1.0,100000,256,8.73666029197,6.33385498648
76,1,SEARCHLOGS,1.0,100000,256,9.72138028299,9.11797099177
77,2,SEARCHLOGS,1.0,100000,256,8.75388713842,8.1051344088
78,3,SEARCHLOGS,1.0,100000,256,7.38118189872,7.67814737291
79,4,SEARCHLOGS,1.0,100000,256,7.79004062761,7.19191762897
80,5,SEARCHLOGS,1.0,100000,256,10.1257574289,7.93379030768
81,6,SEARCHLOGS,1.0,100000,256,11.1155333455,13.2351952723
82,7,SEARCHLOGS,1.0,100000,256,7.54108745576,8.03518366269
83,8,SEARCHLOGS,1.0,100000,256,11.5555415907,7.29403039238
84,9,SEARCHLOGS,1.0,100000,256,7.37675138107,19.7193624945
85,10,SEARCHLOGS,1.0,100000,256,5.28766961659,6.86614803314
86,11,SEARCHLOGS,1.0,100000,256,6.118044353,5.06354362233
87,12,SEARCHLOGS,1.0,100000,256,14.5416394523,9.40941647011
88,13,SEARCHLOGS,1.0,100000,256,6.04888417812,6.67770419726
89,14,SEARCHLOGS,1.0,100000,256,12.1086268795,5.47401552895
90,15,SEARCHLOGS,1.0,100000,256,5.95982197155,10.0109746478
91,16,SEARCHLOGS,1.0,100000,256,11.267821794,5.22308355134
92,17,SEARCHLOGS,1.0,100000,256,12.042661385,5.3533535018
93,18,SEARCHLOGS,1.0,100000,256,6.1045555115,6.4409736539
94,19,SEARCHLOGS,1.0,100000,256,8.34976300458,8.94675722036
95,20,SEARCHLOGS,1.0,100000,256,5.10839852459,14.2129882041
96,21,SEARCHLOGS,1.0,100000,256,9.53368667188,5.8841123091
97,22,SEARCHLOGS,1.0,100000,256,7.87037724468,6.95444625649
98,23,SEARCHLOGS,1.0,100000,256,10.8141499056,8.42970376786
99,24,SEARCHLOGS,1.0,100000,256,10.3998101,5.54483585912
100,0,SEARCHLOGS,1.0,100000,1024,10.4820001153,8.10022471157
101,1,SEARCHLOGS,1.0,100000,1024,13.0950809392,11.1933744714
102,2,SEARCHLOGS,1.0,100000,1024,7.11305537114,10.6477040618
103,3,SEARCHLOGS,1.0,100000,1024,7.0505958496,11.3268154305
104,4,SEARCHLOGS,1.0,100000,1024,10.0525547674,12.0721094867
105,5,SEARCHLOGS,1.0,100000,1024,20.5361800708,6.8336051459
106,6,SEARCHLOGS,1.0,100000,1024,12.9187041551,8.93914376828
107,7,SEARCHLOGS,1.0,100000,1024,15.6637431131,8.88394998398
108,8,SEARCHLOGS,1.0,100000,1024,10.7241782625,10.9318256799
109,9,SEARCHLOGS,1.0,100000,1024,11.1749175543,7.94769675039
110,10,SEARCHLOGS,1.0,100000,1024,11.9535001972,8.12805731507
111,11,SEARCHLOGS,1.0,100000,1024,10.6472484217,8.09474801891
112,12,SEARCHLOGS,1.0,100000,1024,24.6346921665,7.27135249486
113,13,SEARCHLOGS,1.0,100000,1024,8.98474080922,10.0512246116
114,14,SEARCHLOGS,1.0,100000,1024,16.6440861641,13.483371976
115,15,SEARCHLOGS,1.0,100000,1024,11.1359998419,9.7808831772
116,16,SEARCHLOGS,1.0,100000,1024,13.5108515579,9.25143176329
117,17,SEARCHLOGS,1.0,100000,1024,11.0536397808,15.6560919637
118,18,SEARCHLOGS,1.0,100000,1024,7.85225701469,6.8755592006
119,19,SEARCHLOGS,1.0,100000,1024,8.66089031674,9.32077884163
120,20,SEARCHLOGS,1.0,100000,1024,10.1882351769,6.93385662871
121,21,SEARCHLOGS,1.0,100000,1024,8.90031547955,8.1193265581
122,22,SEARCHLOGS,1.0,100000,1024,16.3532418301,7.39164706736
123,23,SEARCHLOGS,1.0,100000,1024,14.6067525102,9.03497873915
124,24,SEARCHLOGS,1.0,100000,1024,6.37933093612,6.99650861176
125,0,SEARCHLOGS,1.0,100000,4096,7.3541411506,10.4204625824
126,1,SEARCHLOGS,1.0,100000,4096,16.0591531026,10.3376325489
127,2,SEARCHLOGS,1.0,100000,4096,15.2603073566,15.8734514409
128,3,SEARCHLOGS,1.0,100000,4096,15.7669419236,9.6455352103
129,4,SEARCHLOGS,1.0,100000,4096,11.1500269578,11.110760992
130,5,SEARCHLOGS,1.0,100000,4096,12.3211006645,12.4401430459
131,6,SEARCHLOGS,1.0,100000,4096,12.1086534101,13.2158600403
132,7,SEARCHLOGS,1.0,100000,4096,21.3984668553,10.4503356784
133,8,SEARCHLOGS,1.0,100000,4096,10.8879592278,9.7629894375
134,9,SEARCHLOGS,1.0,100000,4096,27.9495174754,10.6110788973
135,10,SEARCHLOGS,1.0,100000,4096,11.6899649085,13.5157162698
136,11,SEARCHLOGS,1.0,100000,4096,12.9832901547,10.2706383853
137,12,SEARCHLOGS,1.0,100000,4096,20.4488405781,8.8717088758
138,13,SEARCHLOGS,1.0,100000,4096,14.7933751062,9.1635172566
139,14,SEARCHLOGS,1.0,100000,4096,21.5403242046,11.3460291772
140,15,SEARCHLOGS,1.0,100000,4096,7.59439727239,16.3806986834
141,16,SEARCHLOGS,1.0,100000,4096,13.5273220907,10.0518750517
142,17,SEARCHLOGS,1.0,100000,4096,15.1479430226,10.1787632008
143,18,SEARCHLOGS,1.0,100000,4096,19.2316567605,9.37063696015
144,19,SEARCHLOGS,1.0,100000,4096,17.6280305118,9.20406593633
145,20,SEARCHLOGS,1.0,100000,4096,10.1461904992,12.4457261049
146,21,SEARCHLOGS,1.0,100000,4096,12.1428116188,8.96793304128
147,22,SEARCHLOGS,1.0,100000,4096,16.2721178518,8.4057584241
148,23,SEARCHLOGS,1.0,100000,4096,17.4479011758,7.92261947211
149,24,SEARCHLOGS,1.0,100000,4096,12.6801403717,10.4031471433
150,0,MEDCOST,0.01,100000,256,750.716004873,508.123538881
151,1,MEDCOST,0.01,100000,256,410.910180584,532.639343008
152,2,MEDCOST,0.01,100000,256,707.642449263,838.612491159
153,3,MEDCOST,0.01,100000,256,618.598958159,399.481081504
154,4,MEDCOST,0.01,100000,256,1438.35420466,401.64319884
155,5,MEDCOST,0.01,100000,256,668.29674654,334.582391596
156,6,MEDCOST,0.01,100000,256,877.106980914,626.366229846
157,7,MEDCOST,0.01,100000,256,867.980482224,306.646811949
158,8,MEDCOST,0.01,100000,256,567.131999109,602.337616016
159,9,MEDCOST,0.01,100000,256,497.33302057,488.61623484
160,10,MEDCOST,0.01,100000,256,482.003368631,405.579300476
161,11,MEDCOST,0.01,100000,256,462.914922613,454.863968242
162,12,MEDCOST,0.01,100000,256,689.78168989,446.235703776
163,13,MEDCOST,0.01,100000,256,1304.97789035,785.636181917
164,14,MEDCOST,0.01,100000,256,991.796325457,471.760634495
165,15,MEDCOST,0.01,100000,256,239.349610272,262.910944931
166,16,MEDCOST,0.01,100000,256,745.813584889,781.635282451
167,17,MEDCOST,0.01,100000,256,709.31786567,357.42739859
168,18,MEDCOST,0.01,100000,256,409.50724325,367.818485416
169,19,MEDCOST,0.01,100000,256,247.897368101,973.628491247
170,20,MEDCOST,0.01,100000,256,270.690308046,574.94805557
171,21,MEDCOST,0.01,100000,256,609.669713042,572.19519056
172,22,MEDCOST,0.01,100000,256,1101.4662186,385.474730453
173,23,MEDCOST,0.01,100000,256,660.592889155,582.39809297
174,24,MEDCOST,0.01,100000,256,748.243658022,473.36790789
175,0,MEDCOST,0.01,100000,1024,1055.60496219,1369.37999791
176,1,MEDCOST,0.01,100000,1024,411.331785041,323.681152885
177,2,MEDCOST,0.01,100000,1024,342.935833013,982.240594477
178,3,MEDCOST,0.01,100000,1024,518.251899957,353.346705989
179,4,MEDCOST,0.01,100000,1024,574.165492568,636.214992494
180,5,MEDCOST,0.01,100000,1024,881.278181289,362.283610548
181,6,MEDCOST,0.01,100000,1024,419.161448559,499.469549131
182,7,MEDCOST,0.01,100000,1024,840.630774642,352.357453598
183,8,MEDCOST,0.01,100000,1024,379.330682961,852.37446096
184,9,MEDCOST,0.01,100000,1024,675.03630963,374.343069057
185,10,MEDCOST,0.01,100000,1024,584.718562273,435.025461137
186,11,MEDCOST,0.01,100000,1024,510.404673627,473.340529721
187,12,MEDCOST,0.01,100000,1024,2471.29780357,565.949904165
188,13,MEDCOST,0.01,100000,1024,1026.30740056,766.18122687
189,14,MEDCOST,0.01,100000,1024,935.94330063,377.386520245
190,15,MEDCOST,0.01,100000,1024,279.158825169,681.839643184
191,16,MEDCOST,0.01,100000,1024,340.329117969,539.279828932
192,17,MEDCOST,0.01,100000,1024,661.535568096,540.013847964
193,18,MEDCOST,0.01,100000,1024,280.57127333,382.275947808
194,19,MEDCOST,0.01,100000,1024,766.240717518,443.092279343
195,20,MEDCOST,0.01,100000,1024,632.020191931,444.347064442
196,21,MEDCOST,0.01,100000,1024,864.950102078,526.087273364
197,22,MEDCOST,0.01,100000,1024,1121.01955793,686.163762158
198,23,MEDCOST,0.01,100000,1024,1914.08089732,829.484408353
199,24,MEDCOST,0.01,100000,1024,907.209759068,458.325428916
200,0,MEDCOST,0.01,100000,4096,1565.39274503,578.129259198
201,1,MEDCOST,0.01,100000,4096,470.833907593,696.804945833
202,2,MEDCOST,0.01,100000,4096,489.454129874,394.45969949
203,3,MEDCOST,0.01,100000,4096,907.762454627,546.332174689
204,4,MEDCOST,0.01,100000,4096,408.012003158,267.821054437
205,5,MEDCOST,0.01,100000,4096,993.3616987,261.287860741
206,6,MEDCOST,0.01,100000,4096,645.291432961,937.165504003
207,7,MEDCOST,0.01,100000,4096,889.154472771,346.753676979
208,8,MEDCOST,0.01,100000,4096,1049.9516196,921.157118402
209,9,MEDCOST,0.01,100000,4096,1358.61050805,761.657588279
210,10,MEDCOST,0.01,100000,4096,307.381930026,384.27225808
211,11,MEDCOST,0.01,100000,4096,284.388667338,375.643171727
212,12,MEDCOST,0.01,100000,4096,2364.68750431,701.627386359
213,13,MEDCOST,0.01,100000,4096,376.438544055,422.802698212
214,14,MEDCOST,0.01,100000,4096,925.76306175,697.757576921
215,15,MEDCOST,0.01,100000,4096,322.946081578,810.048706165
216,16,MEDCOST,0.01,100000,4096,513.626320598,477.658997706
217,17,MEDCOST,0.01,100000,4096,371.393035125,420.45814382
218,18,MEDCOST,0.01,100000,4096,343.58165803,1042.17455615
219,19,MEDCOST,0.01,100000,4096,251.975070587,491.865862316
220,20,MEDCOST,0.01,100000,4096,686.121189862,613.426350701
221,21,MEDCOST,0.01,100000,4096,338.63239561,590.139409634
222,22,MEDCOST,0.01,100000,4096,964.416809307,454.068682885
223,23,MEDCOST,0.01,100000,4096,1279.73394963,427.113784504
224,24,MEDCOST,0.01,100000,4096,352.454125743,326.887352537
225,0,MEDCOST,1.0,100000,256,13.6823270323,7.62311795961
226,1,MEDCOST,1.0,100000,256,8.51687256194,10.439557849
227,2,MEDCOST,1.0,100000,256,6.44319130741,8.35600065522
228,3,MEDCOST,1.0,100000,256,11.5223705341,7.53018992652
229,4,MEDCOST,1.0,100000,256,8.69695759817,7.28597573627
230,5,MEDCOST,1.0,100000,256,15.3618738378,6.32978164264
231,6,MEDCOST,1.0,100000,256,9.73098467597,10.4489348235
232,7,MEDCOST,1.0,100000,256,18.6795050361,8.28628147408
233,8,MEDCOST,1.0,100000,256,10.6270944795,8.56699112053
234,9,MEDCOST,1.0,100000,256,7.7209049118,7.4783503679
235,10,MEDCOST,1.0,100000,256,8.04571540921,12.4139448907
236,11,MEDCOST,1.0,100000,256,8.56238443887,13.8201912498
237,12,MEDCOST,1.0,100000,256,13.20344288,7.37631512225
238,13,MEDCOST,1.0,100000,256,6.81525460859,9.54230557491
239,14,MEDCOST,1.0,100000,256,9.4068848867,6.49293903062
240,15,MEDCOST,1.0,100000,256,5.94013298466,7.20821196199
241,16,MEDCOST,1.0,100000,256,13.0734065026,13.3778364777
242,17,MEDCOST,1.0,100000,256,19.819301411,7.85738767953
243,18,MEDCOST,1.0,100000,256,6.23761445874,6.92180477173
244,19,MEDCOST,1.0,100000,256,12.3506167252,7.29818570534
245,20,MEDCOST,1.0,100000,256,17.6625662974,9.57001408595
246,21,MEDCOST,1.0,100000,256,7.30292416243,7.40129627975
247,22,MEDCOST,1.0,100000,256,10.1911451668,8.97857228057
248,23,MEDCOST,1.0,100000,256,14.6978949687,5.37628725641
249,24,MEDCOST,1.0,100000,256,15.2757267839,12.9725861974
250,0,MEDCOST,1.0,100000,1024,10.098148796,16.7698940286
251,1,MEDCOST,1.0,100000,1024,14.9919012455,9.27014987962
252,2,MEDCOST,1.0,100000,1024,6.32273937351,11.858254471
253,3,MEDCOST,1.0,100000,1024,20.3539295559,13.6567598498
254,4,MEDCOST,1.0,100000,1024,9.58545261473,8.68963782847
255,5,MEDCOST,1.0,100000,1024,27.0107332633,8.89681309142
256,6,MEDCOST,1.0,100000,1024,14.3606177573,12.0639313981
257,7,MEDCOST,1.0,100000,1024,13.5862046104,13.2390616445
258,8,MEDCOST,1.0,100000,1024,29.9763330635,9.14357311645
259,9,MEDCOST,1.0,100000,1024,7.83441067358,13.0213865171
260,10,MEDCOST,1.0,100000,1024,19.0787270061,11.8949153418
261,11,MEDCOST,1.0,100000,1024,10.0655036685,12.1013279784
262,12,MEDCOST,1.0,100000,1024,23.2298924707,15.9119596307
263,13,MEDCOST,1.0,100000,1024,15.8298220387,9.10080158066
264,14,MEDCOST,1.0,100000,1024,12.7848090694,10.7910101933
265,15,MEDCOST,1.0,100000,1024,13.9884046226,10.6230319396
266,16,MEDCOST,1.0,100000,1024,35.3734427045,12.3754888292
267,17,MEDCOST,1.0,100000,1024,16.254015198,11.5150461677
268,18,MEDCOST,1.0,100000,1024,12.1027957259,10.8386533498
269,19,MEDCOST,1.0,100000,1024,16.5540945438,15.1946135739
270,20,MEDCOST,1.0,100000,1024,12.407351359,10.7204283126
271,21,MEDCOST,1.0,100000,1024,13.8410377001,10.3804245612
272,22,MEDCOST,1.0,100000,1024,14.6098688861,9.23530378761
273,23,MEDCOST,1.0,100000,1024,20.2783621236,8.55784533749
274,24,MEDCOST,1.0,100000,1024,10.2314027922,10.7118266365
275,0,MEDCOST,1.0,100000,4096,21.9844425401,11.0655324443
276,1,MEDCOST,1.0,100000,4096,14.9791648091,13.7462235335
277,2,MEDCOST,1.0,100000,4096,22.6415745673,12.0782476078
278,3,MEDCOST,1.0,100000,4096,20.2282112538,11.1715638998
279,4,MEDCOST,1.0,100000,4096,24.6101695887,12.0231681607
280,5,MEDCOST,1.0,100000,4096,38.3753683839,11.9626502004
281,6,MEDCOST,1.0,100000,4096,34.2031449476,10.6035519035
282,7,MEDCOST,1.0,100000,4096,15.0540942501,10.8800156932
283,8,MEDCOST,1.0,100000,4096,24.3563452905,13.1536846589
284,9,MEDCOST,1.0,100000,4096,30.1074605713,10.2957111415
285,10,MEDCOST,1.0,100000,4096,20.2105150124,13.9032149081
286,11,MEDCOST,1.0,100000,4096,14.3177474475,10.4721948624
287,12,MEDCOST,1.0,100000,4096,34.956982111,11.9201895625
288,13,MEDCOST,1.0,100000,4096,15.4465293773,14.1827459879
289,14,MEDCOST,1.0,100000,4096,20.6539087264,9.5550191963
290,15,MEDCOST,1.0,100000,4096,10.0080911368,10.9391453777
291,16,MEDCOST,1.0,100000,4096,19.6601491563,11.7202363061
292,17,MEDCOST,1.0,100000,4096,17.1492412719,15.1949321258
293,18,MEDCOST,1.0,100000,4096,24.4457808154,14.0025309807
294,19,MEDCOST,1.0,100000,4096,37.5485336574,13.6644078598
295,20,MEDCOST,1.0,100000,4096,21.5098823115,14.3650001839
296,21,MEDCOST,1.0,100000,4096,34.2053036878,10.765013284
297,22,MEDCOST,1.0,100000,4096,16.6939327285,15.9328695263
298,23,MEDCOST,1.0,100000,4096,17.7954949478,14.7846605973
299,24,MEDCOST,1.0,100000,4096,17.6873847732,14.5685028365
300,0,HEPTH,0.01,100000,256,421.967904503,700.261065639
301,1,HEPTH,0.01,100000,256,926.066707956,1365.48163205
302,2,HEPTH,0.01,100000,256,491.939291492,666.004847867
303,3,HEPTH,0.01,100000,256,692.342317223,831.28228061
304,4,HEPTH,0.01,100000,256,278.211161077,603.725669502
305,5,HEPTH,0.01,100000,256,853.115719124,964.059270948
306,6,HEPTH,0.01,100000,256,727.411407754,611.346148975
307,7,HEPTH,0.01,100000,256,530.884762072,420.906628192
308,8,HEPTH,0.01,100000,256,697.703478247,289.786277718
309,9,HEPTH,0.01,100000,256,897.371091401,918.904616505
310,10,HEPTH,0.01,100000,256,346.548707366,755.364361978
311,11,HEPTH,0.01,100000,256,711.106478028,719.268921484
312,12,HEPTH,0.01,100000,256,882.188603412,1072.82911352
313,13,HEPTH,0.01,100000,256,455.731173243,509.832723402
314,14,HEPTH,0.01,100000,256,1521.05828317,1321.80626248
315,15,HEPTH,0.01,100000,256,191.772307202,335.170217115
316,16,HEPTH,0.01,100000,256,1006.7758092,700.188729883
317,17,HEPTH,0.01,100000,256,896.136236972,640.545019057
318,18,HEPTH,0.01,100000,256,319.714419305,486.255587059
319,19,HEPTH,0.01,100000,256,616.907028693,393.13288514
320,20,HEPTH,0.01,100000,256,940.355685856,906.52539096
321,21,HEPTH,0.01,100000,256,478.909287778,590.707684096
322,22,HEPTH,0.01,100000,256,652.823725162,707.053846178
323,23,HEPTH,0.01,100000,256,872.96305359,578.482805167
324,24,HEPTH,0.01,100000,256,385.629143852,441.397463024
325,0,HEPTH,0.01,100000,1024,680.178554576,538.37803001
326,1,HEPTH,0.01,100000,1024,359.84187905,583.452180567
327,2,HEPTH,0.01,100000,1024,831.046178717,1558.81855679
328,3,HEPTH,0.01,100000,1024,776.070259771,370.016982326
329,4,HEPTH,0.01,100000,1024,667.238678566,661.800950803
330,5,HEPTH,0.01,100000,1024,1135.61360479,490.419977128
331,6,HEPTH,0.01,100000,1024,408.620663826,535.835187458
332,7,HEPTH,0.01,100000,1024,553.965800518,757.848323889
333,8,HEPTH,0.01,100000,1024,844.426442899,736.927098808
334,9,HEPTH,0.01,100000,1024,1740.71332137,1512.4991122
335,10,HEPTH,0.01,100000,1024,536.85643747,330.67122609
336,11,HEPTH,0.01,100000,1024,478.358353476,1177.80326445
337,12,HEPTH,0.01,100000,1024,1331.98317825,625.385639866
338,13,HEPTH,0.01,100000,1024,582.24191253,716.373370948
339,14,HEPTH,0.01,100000,1024,1082.6461558,728.459039794
340,15,HEPTH,0.01,100000,1024,502.071267729,665.613532471
341,16,HEPTH,0.01,100000,1024,545.768624825,681.188189897
342,17,HEPTH,0.01,100000,1024,960.426378727,731.488902891
343,18,HEPTH,0.01,100000,1024,409.555677413,529.800174583
344,19,HEPTH,0.01,100000,1024,554.510467256,521.212442467
345,20,HEPTH,0.01,100000,1024,504.079275522,575.495467944
346,21,HEPTH,0.01,100000,1024,826.910706295,789.838436316
347,22,HEPTH,0.01,100000,1024,655.385161457,470.377489841
348,23,HEPTH,0.01,100000,1024,698.915079537,673.881166336
349,24,HEPTH,0.01,100000,1024,504.747699582,489.524091804
350,0,HEPTH,0.01,100000,4096,690.898400727,473.643219941
351,1,HEPTH,0.01,100000,4096,836.950489786,540.14382528
352,2,HEPTH,0.01,100000,4096,734.685930082,427.010005513
353,3,HEPTH,0.01,100000,4096,487.822599127,639.929587244
354,4,HEPTH,0.01,100000,4096,737.63966983,707.513109133
355,5,HEPTH,0.01,100000,4096,997.357503008,1134.85355684
356,6,HEPTH,0.01,100000,4096,579.460352804,523.223538391
357,7,HEPTH,0.01,100000,4096,816.367549503,614.992469531
358,8,HEPTH,0.01,100000,4096,1134.03781729,527.755680059
359,9,HEPTH,0.01,100000,4096,824.107541478,693.590752425
360,10,HEPTH,0.01,100000,4096,733.703534862,569.811961212
361,11,HEPTH,0.01,100000,4096,477.823833408,646.185982904
362,12,HEPTH,0.01,100000,4096,908.15461365,643.506765845
363,13,HEPTH,0.01,100000,4096,588.377860603,954.376742415
364,14,HEPTH,0.01,100000,4096,741.634410821,533.689377855
365,15,HEPTH,0.01,100000,4096,501.414469272,1065.25322009
366,16,HEPTH,0.01,100000,4096,761.578418545,382.664179258
367,17,HEPTH,0.01,100000,4096,1222.58260618,1058.76308968
368,18,HEPTH,0.01,100000,4096,414.283770074,623.688507455
369,19,HEPTH,0.01,100000,4096,667.911677474,1389.45931039
370,20,HEPTH,0.01,100000,4096,547.365683562,720.008280605
371,21,HEPTH,0.01,100000,4096,672.743175177,905.077739614
372,22,HEPTH,0.01,100000,4096,568.219988095,606.831592168
373,23,HEPTH,0.01,100000,4096,811.409403556,522.173963197
374,24,HEPTH,0.01,100000,4096,455.085054266,558.845937639
375,0,HEPTH,1.0,100000,256,7.94288970422,18.727904234
376,1,HEPTH,1.0,100000,256,14.4391353141,17.2499560305
377,2,HEPTH,1.0,100000,256,5.92328772135,9.28068882853
378,3,HEPTH,1.0,100000,256,14.2984216176,7.2024855599
379,4,HEPTH,1.0,100000,256,7.6226332673,9.57084123128
380,5,HEPTH,1.0,100000,256,9.68289166992,7.34725673352
381,6,HEPTH,1.0,100000,256,16.5035288447,6.1718378491
382,7,HEPTH,1.0,100000,256,11.2646815137,8.41907438873
383,8,HEPTH,1.0,100000,256,7.66420719302,11.1383018552
384,9,HEPTH,1.0,100000,256,11.4568370296,6.84781759869
385,10,HEPTH,1.0,100000,256,5.86511825969,9.05146272545
386,11,HEPTH,1.0,100000,256,9.35117426202,8.34662241905
387,12,HEPTH,1.0,100000,256,17.5776836042,6.72023850227
388,13,HEPTH,1.0,100000,256,6.20494849518,9.07427468966
389,14,HEPTH,1.0,100000,256,9.22402499154,8.53328147156
390,15,HEPTH,1.0,100000,256,6.25701192488,6.68209648208
391,16,HEPTH,1.0,100000,256,11.2690931194,8.33698491485
392,17,HEPTH,1.0,100000,256,10.6264441811,12.3387136324
393,18,HEPTH,1.0,100000,256,5.78067652307,9.00239930152
394,19,HEPTH,1.0,100000,256,6.58466327861,7.48062066924
395,20,HEPTH,1.0,100000,256,8.20133884882,8.42049368593
396,21,HEPTH,1.0,100000,256,7.72171163036,9.8851717735
397,22,HEPTH,1.0,100000,256,7.87689762472,13.847978764
398,23,HEPTH,1.0,100000,256,12.6671335758,7.34022760095
399,24,HEPTH,1.0,100000,256,8.12719318521,6.65736725463
400,0,HEPTH,1.0,100000,1024,13.3380159796,10.6238572042
401,1,HEPTH,1.0,100000,1024,15.4740294443,10.4287127684
402,2,HEPTH,1.0,100000,1024,11.6492904534,11.0700010891
403,3,HEPTH,1.0,100000,1024,13.7671837115,7.65741672143
404,4,HEPTH,1.0,100000,1024,10.1388236302,14.8442575581
405,5,HEPTH,1.0,100000,1024,23.0416682331,11.6450198064
406,6,HEPTH,1.0,100000,1024,16.0966238621,15.3760908782
407,7,HEPTH,1.0,100000,1024,8.97591912835,10.4601164842
408,8,HEPTH,1.0,100000,1024,16.406004805,18.1408767219
409,9,HEPTH,1.0,100000,1024,15.2757537813,13.7642606499
410,10,HEPTH,1.0,100000,1024,11.4365023093,12.4789598995
411,11,HEPTH,1.0,100000,1024,15.8997256156,10.7416210818
412,12,HEPTH,1.0,100000,1024,16.9322312494,9.73602281863
413,13,HEPTH,1.0,100000,1024,13.5512320803,9.91450995759
414,14,HEPTH,1.0,100000,1024,14.3421263841,9.69241470659
415,15,HEPTH,1.0,100000,1024,17.1740174876,8.67159120458
416,16,HEPTH,1.0,100000,1024,11.4487109908,9.56703185951
417,17,HEPTH,1.0,100000,1024,14.4633198116,12.5889156618
418,18,HEPTH,1.0,100000,1024,12.9622009412,10.1708262013
419,19,HEPTH,1.0,100000,1024,12.255158554,8.34700710531
420,20,HEPTH,1.0,100000,1024,18.6847616298,9.00502707873
421,21,HEPTH,1.0,100000,1024,9.2021078619,11.7549536256
422,22,HEPTH,1.0,100000,1024,20.1275062748,8.79271872515
423,23,HEPTH,1.0,100000,1024,11.8949411626,13.7836186442
424,24,HEPTH,1.0,100000,1024,16.4002775746,8.0838214571
425,0,HEPTH,1.0,100000,4096,13.8006280062,11.8460209396
426,1,HEPTH,1.0,100000,4096,15.1539399549,11.7046321773
427,2,HEPTH,1.0,100000,4096,19.4589981729,17.4197015392
428,3,HEPTH,1.0,100000,4096,17.0504777803,14.9233730703
429,4,HEPTH,1.0,100000,4096,21.4177845338,11.4224788345
430,5,HEPTH,1.0,100000,4096,34.5457385529,14.7623220179
431,6,HEPTH,1.0,100000,4096,23.008862076,15.3898552717
432,7,HEPTH,1.0,100000,4096,15.7633864784,11.9567683505
433,8,HEPTH,1.0,100000,4096,24.8116008668,13.7381085968
434,9,HEPTH,1.0,100000,4096,51.6756375335,15.1272255953
435,10,HEPTH,1.0,100000,4096,18.2399936215,15.7705720503
436,11,HEPTH,1.0,100000,4096,15.8516231495,15.0902478545
437,12,HEPTH,1.0,100000,4096,21.6740065641,11.8773169334
438,13,HEPTH,1.0,100000,4096,27.6652053857,11.753724379
439,14,HEPTH,1.0,100000,4096,16.0149116151,12.5468718329
440,15,HEPTH,1.0,100000,4096,14.8947392891,13.5283993382
441,16,HEPTH,1.0,100000,4096,22.210205708,14.6071357777
442,17,HEPTH,1.0,100000,4096,22.2714193044,12.4207213883
443,18,HEPTH,1.0,100000,4096,13.0903254397,16.2367743211
444,19,HEPTH,1.0,100000,4096,49.6952793104,18.0201570486
445,20,HEPTH,1.0,100000,4096,21.7545580828,16.0484983159
446,21,HEPTH,1.0,100000,4096,28.4856909382,11.0366794029
447,22,HEPTH,1.0,100000,4096,29.3231325888,15.8547232517
448,23,HEPTH,1.0,100000,4096,18.5521991499,13.2939112716
449,24,HEPTH,1.0,100000,4096,17.3055406885,14.492147987
450,0,NETTRACE,0.01,100000,256,181.377520967,271.12779126
451,1,NETTRACE,0.01,100000,256,356.429160951,374.027464318
452,2,NETTRACE,0.01,100000,256,784.218385229,377.034895536
453,3,NETTRACE,0.01,100000,256,633.120815837,261.772350209
454,4,NETTRACE,0.01,100000,256,460.236773919,131.482265602
455,5,NETTRACE,0.01,100000,256,467.231038707,366.370531068
456,6,NETTRACE,0.01,100000,256,190.338349895,220.46325518
457,7,NETTRACE,0.01,100000,256,514.401076952,335.210175778
458,8,NETTRACE,0.01,100000,256,323.543216583,441.321710246
459,9,NETTRACE,0.01,100000,256,667.052597906,461.755611807
460,10,NETTRACE,0.01,100000,256,142.2023585,155.667194587
461,11,NETTRACE,0.01,100000,256,732.916010157,788.186058874
462,12,NETTRACE,0.01,100000,256,980.05878179,544.001558862
463,13,NETTRACE,0.01,100000,256,139.918134599,197.496941579
464,14,NETTRACE,0.01,100000,256,187.592909867,807.171731177
465,15,NETTRACE,0.01,100000,256,236.312091814,330.194192072
466,16,NETTRACE,0.01,100000,256,618.554287162,812.194840557
467,17,NETTRACE,0.01,100000,256,496.179807148,315.509263843
468,18,NETTRACE,0.01,100000,256,264.666888154,271.436019722
469,19,NETTRACE,0.01,100000,256,193.397752491,363.322362411
470,20,NETTRACE,0.01,100000,256,476.702564183,614.177243114
471,21,NETTRACE,0.01,100000,256,563.473207685,636.226917539
472,22,NETTRACE,0.01,100000,256,291.25257541,275.1434649
473,23,NETTRACE,0.01,100000,256,517.002039056,231.247931894
474,24,NETTRACE,0.01,100000,256,351.321726532,372.517100433
475,0,NETTRACE,0.01,100000,1024,673.82789178,279.384604209
476,1,NETTRACE,0.01,100000,1024,211.44378422,273.42457972
477,2,NETTRACE,0.01,100000,1024,257.457645572,315.038348981
478,3,NETTRACE,0.01,100000,1024,466.958745599,134.021505652
479,4,NETTRACE,0.01,100000,1024,671.536233555,486.321852711
480,5,NETTRACE,0.01,100000,1024,981.784505726,325.626637466
481,6,NETTRACE,0.01,100000,1024,632.826046124,339.001062791
482,7,NETTRACE,0.01,100000,1024,729.914936105,561.705144314
483,8,NETTRACE,0.01,100000,1024,577.354218727,212.921886965
484,9,NETTRACE,0.01,100000,1024,682.876361354,311.635639342
485,10,NETTRACE,0.01,100000,1024,454.177355878,1065.6486737
486,11,NETTRACE,0.01,100000,1024,289.061399292,403.746379765
487,12,NETTRACE,0.01,100000,1024,1293.62911062,608.205471013
488,13,NETTRACE,0.01,100000,1024,729.634723486,323.921199833
489,14,NETTRACE,0.01,100000,1024,1141.56213144,321.585189613
490,15,NETTRACE,0.01,100000,1024,277.191403844,287.434643593
491,16,NETTRACE,0.01,100000,1024,586.413705474,215.809078931
492,17,NETTRACE,0.01,100000,1024,714.187337808,288.2491064
493,18,NETTRACE,0.01,100000,1024,225.604405299,238.677005503
494,19,NETTRACE,0.01,100000,1024,752.236632885,347.857472873
495,20,NETTRACE,0.01,100000,1024,608.362521842,331.24412817
496,21,NETTRACE,0.01,100000,1024,670.461511942,431.789753766
497,22,NETTRACE,0.01,100000,1024,530.434566868,515.924310247
498,23,NETTRACE,0.01,100000,1024,1497.56674561,492.712757062
499,24,NETTRACE,0.01,100000,1024,386.234920449,235.148248199
500,0,NETTRACE,0.01,100000,4096,342.372733379,913.404661437
501,1,NETTRACE,0.01,100000,4096,420.629623002,344.232882172
502,2,NETTRACE,0.01,100000,4096,273.928299237,557.27513162
503,3,NETTRACE,0.01,100000,4096,313.492653795,380.027236344
504,4,NETTRACE,0.01,100000,4096,465.956455624,680.394314471
505,5,NETTRACE,0.01,100000,4096,889.610777218,283.314628602
506,6,NETTRACE,0.01,100000,4096,750.297363619,435.607817643
507,7,NETTRACE,0.01,100000,4096,393.378967558,540.625987239
508,8,NETTRACE,0.01,100000,4096,347.723220148,846.52355294
509,9,NETTRACE,0.01,100000,4096,310.937263383,408.679703645
510,10,NETTRACE,0.01,100000,4096,539.878768674,266.920687594
511,11,NETTRACE,0.01,100000,4096,499.813047163,274.347599779
512,12,NETTRACE,0.01,100000,4096,1728.72352825,335.147569573
513,13,NETTRACE,0.01,100000,4096,1702.52200924,609.489651926
514,14,NETTRACE,0.01,100000,4096,665.921922843,215.840452414
515,15,NETTRACE,0.01,100000,4096,238.079027437,241.560522765
516,16,NETTRACE,0.01,100000,4096,354.238298672,342.393468975
517,17,NETTRACE,0.01,100000,4096,854.172048958,288.069928324
518,18,NETTRACE,0.01,100000,4096,345.00241872,379.956738045
519,19,NETTRACE,0.01,100000,4096,997.850938357,322.17191925
520,20,NETTRACE,0.01,100000,4096,213.510562156,277.586172734
521,21,NETTRACE,0.01,100000,4096,864.334217114,287.679607534
522,22,NETTRACE,0.01,100000,4096,1300.08038718,402.636499396
523,23,NETTRACE,0.01,100000,4096,1685.56807683,223.65791196
524,24,NETTRACE,0.01,100000,4096,601.963244925,283.350902544
525,0,NETTRACE,1.0,100000,256,6.1655763667,7.70980102598
526,1,NETTRACE,1.0,100000,256,4.10409717171,2.57627965999
527,2,NETTRACE,1.0,100000,256,2.61599166756,5.37615139431
528,3,NETTRACE,1.0,100000,256,4.04200357786,1.76071219645
529,4,NETTRACE,1.0,100000,256,7.24545069369,1.82881626454
530,5,NETTRACE,1.0,100000,256,10.4210849113,2.46768878728
531,6,NETTRACE,1.0,100000,256,5.36507684228,2.47811224735
532,7,NETTRACE,1.0,100000,256,7.56775500437,2.39524579517
533,8,NETTRACE,1.0,100000,256,4.48470283306,2.64968340412
534,9,NETTRACE,1.0,100000,256,4.01493110113,4.37220255585
535,10,NETTRACE,1.0,100000,256,6.34392941815,1.77497802012
536,11,NETTRACE,1.0,100000,256,2.93903644838,3.96812864843
537,12,NETTRACE,1.0,100000,256,9.02345645009,1.82082568401
538,13,NETTRACE,1.0,100000,256,2.91545610974,4.07552950197
539,14,NETTRACE,1.0,100000,256,2.46724437471,1.83405368115
540,15,NETTRACE,1.0,100000,256,2.84932560643,1.96080196656
541,16,NETTRACE,1.0,100000,256,5.3607253338,2.66160099238
542,17,NETTRACE,1.0,100000,256,3.26218742763,3.42585620701
543,18,NETTRACE,1.0,100000,256,3.52507615557,2.47915269091
544,19,NETTRACE,1.0,100000,256,2.01196191209,3.75749278559
545,20,NETTRACE,1.0,100000,256,6.13181169448,3.3815308708
546,21,NETTRACE,1.0,100000,256,1.5686074537,2.28547395769
547,22,NETTRACE,1.0,100000,256,2.98508640197,6.57866160293
548,23,NETTRACE,1.0,100000,256,6.09232015447,6.28264114145
549,24,NETTRACE,1.0,100000,256,3.51321726519,1.90064853161
550,0,NETTRACE,1.0,100000,1024,3.77466451835,2.37315641168
551,1,NETTRACE,1.0,100000,1024,10.2270590579,5.02749097569
552,2,NETTRACE,1.0,100000,1024,11.7349308991,6.52288465402
553,3,NETTRACE,1.0,100000,1024,6.2296175413,2.53607906456
554,4,NETTRACE,1.0,100000,1024,4.71519055103,4.46019754257
555,5,NETTRACE,1.0,100000,1024,18.7463200926,2.44093067429
556,6,NETTRACE,1.0,100000,1024,1.60970143655,3.81681806469
557,7,NETTRACE,1.0,100000,1024,5.48287307872,2.69813239491
558,8,NETTRACE,1.0,100000,1024,2.34379845344,2.89773891639
559,9,NETTRACE,1.0,100000,1024,5.70355472525,6.28501972772
560,10,NETTRACE,1.0,100000,1024,1.9435609462,1.87701937759
561,11,NETTRACE,1.0,100000,1024,3.72253721639,2.94595318856
562,12,NETTRACE,1.0,100000,1024,15.2757456252,2.20969841745
563,13,NETTRACE,1.0,100000,1024,5.83766256344,2.1719577896
564,14,NETTRACE,1.0,100000,1024,9.82416987426,3.53958512611
565,15,NETTRACE,1.0,100000,1024,2.74174860948,3.52593127011
566,16,NETTRACE,1.0,100000,1024,2.11648745094,3.4053733283
567,17,NETTRACE,1.0,100000,1024,2.2777818404,2.7322057204
568,18,NETTRACE,1.0,100000,1024,6.26861390775,3.75850785943
569,19,NETTRACE,1.0,100000,1024,1.78306179952,2.34934583161
570,20,NETTRACE,1.0,100000,1024,1.98136614593,4.9286505531
571,21,NETTRACE,1.0,100000,1024,13.8356734413,2.18395350866
572,22,NETTRACE,1.0,100000,1024,1.71074251272,2.750550897
573,23,NETTRACE,1.0,100000,1024,11.8206732533,1.98760239294
574,24,NETTRACE,1.0,100000,1024,9.77213381191,3.5733697698
575,0,NETTRACE,1.0,100000,4096,4.66410684747,2.56071397134
576,1,NETTRACE,1.0,100000,4096,1.32734631674,4.12125295221
577,2,NETTRACE,1.0,100000,4096,4.06405022532,2.94797915287
578,3,NETTRACE,1.0,100000,4096,11.4593869574,4.99967154667
579,4,NETTRACE,1.0,100000,4096,3.56864114594,7.79569303297
580,5,NETTRACE,1.0,100000,4096,24.2689143028,7.37728865428
581,6,NETTRACE,1.0,100000,4096,4.03548097943,4.08767148946
582,7,NETTRACE,1.0,100000,4096,6.95610952706,3.7388866782
583,8,NETTRACE,1.0,100000,4096,5.85331414325,3.47087805417
584,9,NETTRACE,1.0,100000,4096,15.6093682957,5.48778782673
585,10,NETTRACE,1.0,100000,4096,10.7523188252,4.71226728389
586,11,NETTRACE,1.0,100000,4096,4.43746290501,5.89056539554
587,12,NETTRACE,1.0,100000,4096,9.32665269277,3.35110627791
588,13,NETTRACE,1.0,100000,4096,5.12798445215,2.63025805124
589,14,NETTRACE,1.0,100000,4096,1.87488631428,3.36945154849
590,15,NETTRACE,1.0,100000,4096,6.29192715887,3.54276206572
591,16,NETTRACE,1.0,100000,4096,16.8640080714,3.42096669074
592,17,NETTRACE,1.0,100000,4096,11.7558974449,4.55945454651
593,18,NETTRACE,1.0,100000,4096,2.69849510568,3.15869535051
594,19,NETTRACE,1.0,100000,4096,9.12830605821,14.6099373581
595,20,NETTRACE,1.0,100000,4096,5.70778825571,3.4670620772
596,21,NETTRACE,1.0,100000,4096,6.72856579512,3.35757851661
597,22,NETTRACE,1.0,100000,4096,8.61659235336,3.98289954478
598,23,NETTRACE,1.0,100000,4096,9.23977842096,3.00515329089
599,24,NETTRACE,1.0,100000,4096,3.71440036318,5.88581692263
600,0,PATENT,0.01,100000,256,1035.29862743,914.313932987
601,1,PATENT,0.01,100000,256,554.813183491,1033.99597828
602,2,PATENT,0.01,100000,256,462.261766341,605.650611499
603,3,PATENT,0.01,100000,256,536.483387265,556.712848235
604,4,PATENT,0.01,100000,256,423.970348905,324.76430252
605,5,PATENT,0.01,100000,256,624.111182547,673.510085901
606,6,PATENT,0.01,100000,256,741.702846619,728.715301785
607,7,PATENT,0.01,100000,256,995.10670246,802.221563384
608,8,PATENT,0.01,100000,256,436.094481076,430.910704793
609,9,PATENT,0.01,100000,256,632.879081193,740.232598148
610,10,PATENT,0.01,100000,256,600.77049511,397.873538578
611,11,PATENT,0.01,100000,256,528.196225591,559.017053464
612,12,PATENT,0.01,100000,256,850.665080961,950.889707965
613,13,PATENT,0.01,100000,256,444.779984991,971.003719611
614,14,PATENT,0.01,100000,256,597.68635839,491.249444514
615,15,PATENT,0.01,100000,256,261.955000868,344.493408033
616,16,PATENT,0.01,100000,256,1311.37017773,1088.85473247
617,17,PATENT,0.01,100000,256,982.262161414,608.154747854
618,18,PATENT,0.01,100000,256,409.368220568,343.724796105
619,19,PATENT,0.01,100000,256,879.574565963,423.650086808
620,20,PATENT,0.01,100000,256,567.101607026,802.17178971
621,21,PATENT,0.01,100000,256,566.547905888,1319.95425961
622,22,PATENT,0.01,100000,256,486.208330908,757.850631563
623,23,PATENT,0.01,100000,256,485.051613018,487.499709902
624,24,PATENT,0.01,100000,256,594.965815344,515.544979584
625,0,PATENT,0.01,100000,1024,733.260973357,909.091542441
626,1,PATENT,0.01,100000,1024,495.491243471,561.13643162
627,2,PATENT,0.01,100000,1024,719.346627554,884.103709811
628,3,PATENT,0.01,100000,1024,493.766872271,519.92561638
629,4,PATENT,0.01,100000,1024,878.244268029,463.612717451
630,5,PATENT,0.01,100000,1024,458.770585256,617.577523892
631,6,PATENT,0.01,100000,1024,513.304916054,420.514405003
632,7,PATENT,0.01,100000,1024,447.813391433,645.073611646
633,8,PATENT,0.01,100000,1024,652.142995311,521.341571001
634,9,PATENT,0.01,100000,1024,1396.20792124,874.391862636
635,10,PATENT,0.01,100000,1024,775.584967549,936.870615108
636,11,PATENT,0.01,100000,1024,940.141739711,1072.32799026
637,12,PATENT,0.01,100000,1024,1053.61579019,605.263238199
638,13,PATENT,0.01,100000,1024,684.755020124,455.020036767
639,14,PATENT,0.01,100000,1024,746.180739794,577.820924403
640,15,PATENT,0.01,100000,1024,360.188842614,254.544244005
641,16,PATENT,0.01,100000,1024,625.326322891,568.492455994
642,17,PATENT,0.01,100000,1024,1066.70720784,819.899821262
643,18,PATENT,0.01,100000,1024,442.84777144,541.666632796
644,19,PATENT,0.01,100000,1024,901.374988972,1044.82697062
645,20,PATENT,0.01,100000,1024,537.074130028,479.437724296
646,21,PATENT,0.01,100000,1024,602.200786048,869.193678772
647,22,PATENT,0.01,100000,1024,887.806088186,952.395049414
648,23,PATENT,0.01,100000,1024,919.04204955,845.64650682
649,24,PATENT,0.01,100000,1024,1089.78187815,975.452506566
650,0,PATENT,0.01,100000,4096,556.463684319,785.723394824
651,1,PATENT,0.01,100000,4096,429.369225011,512.687444129
652,2,PATENT,0.01,100000,4096,578.190291257,523.02792633
653,3,PATENT,0.01,100000,4096,484.566499653,762.609582391
654,4,PATENT,0.01,100000,4096,436.782562547,479.821039202
655,5,PATENT,0.01,100000,4096,1030.80015213,463.749046271
656,6,PATENT,0.01,100000,4096,455.806749086,446.780004114
657,7,PATENT,0.01,100000,4096,511.084172172,614.43558764
658,8,PATENT,0.01,100000,4096,558.20646607,649.15992248
659,9,PATENT,0.01,100000,4096,524.182216031,643.953446165
660,10,PATENT,0.01,100000,4096,585.83229123,735.927187498
661,11,PATENT,0.01,100000,4096,379.121639099,575.825812211
662,12,PATENT,0.01,100000,4096,1345.17620944,1024.37235511
663,13,PATENT,0.01,100000,4096,790.770314733,690.565203003
664,14,PATENT,0.01,100000,4096,962.545620529,569.95418066
665,15,PATENT,0.01,100000,4096,450.063060451,489.17298569
666,16,PATENT,0.01,100000,4096,706.273764586,646.146992006
667,17,PATENT,0.01,100000,4096,977.545156638,633.581261841
668,18,PATENT,0.01,100000,4096,444.999602834,513.564599124
669,19,PATENT,0.01,100000,4096,567.896730863,460.599524683
670,20,PATENT,0.01,100000,4096,712.349235414,649.913134127
671,21,PATENT,0.01,100000,4096,837.850262419,801.473005879
672,22,PATENT,0.01,100000,4096,844.776961973,721.200577619
673,23,PATENT,0.01,100000,4096,1406.40495203,972.288851555
674,24,PATENT,0.01,100000,4096,659.719173907,681.039027517
675,0,PATENT,1.0,100000,256,10.8025017153,13.1075451063
676,1,PATENT,1.0,100000,256,11.2567638273,7.39472502589
677,2,PATENT,1.0,100000,256,7.72376135524,7.03978871143
678,3,PATENT,1.0,100000,256,14.4209706888,7.11488198918
679,4,PATENT,1.0,100000,256,8.72073005809,14.3336145307
680,5,PATENT,1.0,100000,256,14.1508361623,7.1821148688
681,6,PATENT,1.0,100000,256,19.4727837174,9.79225783278
682,7,PATENT,1.0,100000,256,8.89324126535,13.8977567431
683,8,PATENT,1.0,100000,256,11.2355327372,9.20534713913
684,9,PATENT,1.0,100000,256,10.4458252461,11.4192942719
685,10,PATENT,1.0,100000,256,7.62999295117,8.28785468742
686,11,PATENT,1.0,100000,256,8.25937202541,9.15131507437
687,12,PATENT,1.0,100000,256,22.0076477268,9.9950572329
688,13,PATENT,1.0,100000,256,5.89059003712,9.82384783738
689,14,PATENT,1.0,100000,256,13.3985974348,6.03506128589
690,15,PATENT,1.0,100000,256,7.3583197451,9.12804231416
691,16,PATENT,1.0,100000,256,12.2626703412,9.20779967141
692,17,PATENT,1.0,100000,256,9.0247525811,17.2279504374
693,18,PATENT,1.0,100000,256,6.233258669,11.8177478646
694,19,PATENT,1.0,100000,256,6.84874933713,7.92487095996
695,20,PATENT,1.0,100000,256,9.30098532035,9.60875293536
696,21,PATENT,1.0,100000,256,18.8851978569,5.31425766987
697,22,PATENT,1.0,100000,256,12.0445758642,6.84183303161
698,23,PATENT,1.0,100000,256,11.9456112562,8.86632753823
699,24,PATENT,1.0,100000,256,9.04181230937,8.7322847294
700,0,PATENT,1.0,100000,1024,21.0510832326,10.6156975525
701,1,PATENT,1.0,100000,1024,23.2976973424,11.1840019409
702,2,PATENT,1.0,100000,1024,10.7706239621,11.4483735823
703,3,PATENT,1.0,100000,1024,16.0956817374,11.123303105
704,4,PATENT,1.0,100000,1024,26.7590229779,14.3720182393
705,5,PATENT,1.0,100000,1024,29.3658747929,10.9592931245
706,6,PATENT,1.0,100000,1024,24.8160187931,11.7875467149
707,7,PATENT,1.0,100000,1024,10.2498711051,9.63494395898
708,8,PATENT,1.0,100000,1024,16.9147700765,18.4773551353
709,9,PATENT,1.0,100000,1024,18.6182659187,9.40272795077
710,10,PATENT,1.0,100000,1024,30.6057313368,10.6422497066
711,11,PATENT,1.0,100000,1024,9.76106099105,12.752892123
712,12,PATENT,1.0,100000,1024,20.0516227736,11.1491458625
713,13,PATENT,1.0,100000,1024,10.4002449182,8.72613499392
714,14,PATENT,1.0,100000,1024,16.2255937316,9.19229671584
715,15,PATENT,1.0,100000,1024,19.7908972257,9.47231313903
716,16,PATENT,1.0,100000,1024,9.75155284675,10.2689961457
717,17,PATENT,1.0,100000,1024,24.813220784,14.0764681686
718,18,PATENT,1.0,100000,1024,11.6514839289,8.75921641943
719,19,PATENT,1.0,100000,1024,15.7200013639,8.90912035394
720,20,PATENT,1.0,100000,1024,8.59814784412,9.6446369261
721,21,PATENT,1.0,100000,1024,12.5352929127,12.335275457
722,22,PATENT,1.0,100000,1024,12.3427673077,10.4526775518
723,23,PATENT,1.0,100000,1024,32.8269338797,12.7629641118
724,24,PATENT,1.0,100000,1024,9.02322703623,10.5168477266
725,0,PATENT,1.0,100000,4096,18.0158565941,13.429725642
726,1,PATENT,1.0,100000,4096,17.9238997456,20.9455891768
727,2,PATENT,1.0,100000,4096,25.140901416,13.4904836572
728,3,PATENT,1.0,100000,4096,31.1828424318,14.2486852082
729,4,PATENT,1.0,100000,4096,29.2084367024,12.6505028478
730,5,PATENT,1.0,100000,4096,16.5502268077,19.0156744242
731,6,PATENT,1.0,100000,4096,15.5799574115,11.739713723
732,7,PATENT,1.0,100000,4096,20.2157888402,16.6653518052
733,8,PATENT,1.0,100000,4096,20.7347909577,13.8851065095
734,9,PATENT,1.0,100000,4096,24.0998758665,12.1519103974
735,10,PATENT,1.0,100000,4096,22.3321068228,14.8231356017
736,11,PATENT,1.0,100000,4096,17.4579863996,17.4978617105
737,12,PATENT,1.0,100000,4096,20.07718466,11.4093423425
738,13,PATENT,1.0,100000,4096,13.7576258151,14.1264949668
739,14,PATENT,1.0,100000,4096,33.0909535681,12.6733783091
740,15,PATENT,1.0,100000,4096,34.3120644152,21.9423048235
741,16,PATENT,1.0,100000,4096,30.1823009152,13.910760398
742,17,PATENT,1.0,100000,4096,18.246789668,14.7692649862
743,18,PATENT,1.0,100000,4096,13.825090485,11.7388788859
744,19,PATENT,1.0,100000,4096,40.8368490229,13.3243825225
745,20,PATENT,1.0,100000,4096,12.7860367876,13.7725253756
746,21,PATENT,1.0,100000,4096,12.6230338765,25.8067612778
747,22,PATENT,1.0,100000,4096,34.1218080449,18.3987828225
748,23,PATENT,1.0,100000,4096,14.3375721668,10.9133995448
749,24,PATENT,1.0,100000,4096,29.9550348568,15.4034492522
